<?xml version="1.0" encoding="UTF-8"?>
<project-private xmlns="http://www.netbeans.org/ns/project-private/1">
    <editor-bookmarks xmlns="http://www.netbeans.org/ns/editor-bookmarks/2" lastBookmarkId="0"/>
    <open-files xmlns="http://www.netbeans.org/ns/projectui-open-files/2">
        <group>
            <file>file:/C:/Users/lesli/Documents/NetBeansProjects/Projeto_concorrentes/src/projeto_concorrentes/Projeto_concorrentes.java</file>
            <file>file:/C:/Users/lesli/Documents/NetBeansProjects/Projeto_concorrentes/src/projeto_concorrentes/ordena.java</file>
            <file>file:/C:/Users/lesli/Documents/NetBeansProjects/Projeto_concorrentes/src/projeto_concorrentes/Numeros.java</file>
            <file>file:/C:/Users/lesli/Documents/NetBeansProjects/Projeto_concorrentes/src/projeto_concorrentes/MinhaThread.java</file>
        </group>
    </open-files>
</project-private>
